{"is_source_file": true, "format": "JavaScript (React JSX)", "description": "This is the entry point for a React application, responsible for rendering the main App component into the DOM.", "external_files": ["./App", "./index.css"], "external_methods": ["ReactDOM.createRoot", "ReactDOM.createRoot().render"], "published": ["React"], "classes": [], "methods": [{"name": "ReactDOM.createRoot", "description": "Creates a root for rendering React components into a DOM node."}], "calls": ["ReactDOM.createRoot", "root.render"], "search-terms": ["React", "ReactDOM", "index.js", "entry point", "render", "DOM node"], "state": 2, "file_id": 5, "knowledge_revision": 24, "git_revision": "f9c6a1b2910c5bf51e61602c90c8b6525c544a4e", "ctags": [{"_type": "tag", "name": "root", "path": "/home/kavia/workspace/code-generation/modern-portfolio-showcase-233776-233785/react_frontend/src/index.js", "pattern": "/^const root = ReactDOM.createRoot(document.getElementById('root'));$/", "language": "JavaScript", "kind": "constant"}], "hash": "9fc5841375336fc175b49f8767a11383", "format-version": 4, "code-base-name": "react_frontend", "filename": "react_frontend/src/index.js", "revision_history": [{"24": "f9c6a1b2910c5bf51e61602c90c8b6525c544a4e"}]}