{"is_source_file": true, "format": "JavaScript", "description": "This is a React component source file (App.js) defining the main application structure for a portfolio single-page app, including sections, navigation, and form handling.", "external_files": ["./App.css"], "external_methods": ["scrollToSection"], "published": ["App"], "classes": [], "methods": [{"name": "scrollToSection(sectionId)", "description": "Public function to smoothly scroll to a section by id, respecting user reduced motion preferences.", "scope": "", "scopeKind": ""}, {"name": "App()", "scope": "", "scopeKind": "", "description": "unavailable"}, {"name": "usePrefersReducedMotion()", "scope": "", "scopeKind": "", "description": "unavailable"}, {"name": "useRevealOnScroll({ reducedMotion })", "scope": "", "scopeKind": "", "description": "unavailable"}, {"name": "useScrollSpy(sectionIds, options = {})", "scope": "", "scopeKind": "", "description": "unavailable"}, {"name": "validateContact(values)", "scope": "", "scopeKind": "", "description": "unavailable"}], "calls": ["useEffect", "useRef", "useState", "useMemo", "document.getElementById", "window.matchMedia", "window.scrollY", "window.addEventListener", "window.removeEventListener", "window.matchMedia", "setActiveId", "setReduced", "setMobileOpen", "setContactValues", "setContactTouched", "setContactSubmitted", "scrollToSection", "onNavClick", "onSkipToContent", "onContactChange", "onContactBlur", "onContactSubmit"], "search-terms": ["React", "single-page application", "scroll spy", "viewport intersection observer", "client-side form validation", "section navigation", "responsive layout", "accessible motion", "reveals on scroll", "portfolio showcase"], "state": 2, "file_id": 4, "knowledge_revision": 26, "git_revision": "f9c6a1b2910c5bf51e61602c90c8b6525c544a4e", "revision_history": [{"25": "f9c6a1b2910c5bf51e61602c90c8b6525c544a4e"}, {"26": "f9c6a1b2910c5bf51e61602c90c8b6525c544a4e"}], "ctags": [{"_type": "tag", "name": "6", "path": "/home/kavia/workspace/code-generation/modern-portfolio-showcase-233776-233785/react_frontend/src/App.js", "pattern": "/^                    rows={6}$/", "language": "JavaScript", "kind": "field", "scope": "rows", "scopeKind": "class"}, {"_type": "tag", "name": "App", "path": "/home/kavia/workspace/code-generation/modern-portfolio-showcase-233776-233785/react_frontend/src/App.js", "pattern": "/^function App() {$/", "language": "JavaScript", "kind": "function", "signature": "()"}, {"_type": "tag", "name": "PORTFOLIO_ITEMS", "path": "/home/kavia/workspace/code-generation/modern-portfolio-showcase-233776-233785/react_frontend/src/App.js", "pattern": "/^const PORTFOLIO_ITEMS = [$/", "language": "JavaScript", "kind": "constant"}, {"_type": "tag", "name": "SECTIONS", "path": "/home/kavia/workspace/code-generation/modern-portfolio-showcase-233776-233785/react_frontend/src/App.js", "pattern": "/^const SECTIONS = [$/", "language": "JavaScript", "kind": "constant"}, {"_type": "tag", "name": "contactErrors", "path": "/home/kavia/workspace/code-generation/modern-portfolio-showcase-233776-233785/react_frontend/src/App.js", "pattern": "/^                    aria-describedby={contactErrors.email ? \"email-error\" : undefined}$/", "language": "JavaScript", "kind": "field", "scope": "aria", "scopeKind": "class"}, {"_type": "tag", "name": "contactErrors", "path": "/home/kavia/workspace/code-generation/modern-portfolio-showcase-233776-233785/react_frontend/src/App.js", "pattern": "/^                    aria-describedby={contactErrors.message ? \"message-error\" : undefined}$/", "language": "JavaScript", "kind": "field", "scope": "aria", "scopeKind": "class"}, {"_type": "tag", "name": "contactErrors", "path": "/home/kavia/workspace/code-generation/modern-portfolio-showcase-233776-233785/react_frontend/src/App.js", "pattern": "/^                    aria-describedby={contactErrors.name ? \"name-error\" : undefined}$/", "language": "JavaScript", "kind": "field", "scope": "aria", "scopeKind": "class"}, {"_type": "tag", "name": "contactTouched", "path": "/home/kavia/workspace/code-generation/modern-portfolio-showcase-233776-233785/react_frontend/src/App.js", "pattern": "/^                      contactTouched.email && contactErrors.email ? \"true\" : \"false\"$/", "language": "JavaScript", "kind": "field", "scope": "aria", "scopeKind": "class"}, {"_type": "tag", "name": "contactTouched", "path": "/home/kavia/workspace/code-generation/modern-portfolio-showcase-233776-233785/react_frontend/src/App.js", "pattern": "/^                      contactTouched.message && contactErrors.message ? \"true\" : \"false\"$/", "language": "JavaScript", "kind": "field", "scope": "aria", "scopeKind": "class"}, {"_type": "tag", "name": "contactTouched", "path": "/home/kavia/workspace/code-generation/modern-portfolio-showcase-233776-233785/react_frontend/src/App.js", "pattern": "/^                      contactTouched.name && contactErrors.name ? \"true\" : \"false\"$/", "language": "JavaScript", "kind": "field", "scope": "aria", "scopeKind": "class"}, {"_type": "tag", "name": "contactValues", "path": "/home/kavia/workspace/code-generation/modern-portfolio-showcase-233776-233785/react_frontend/src/App.js", "pattern": "/^                    value={contactValues.email}$/", "language": "JavaScript", "kind": "field", "scope": "value", "scopeKind": "class"}, {"_type": "tag", "name": "contactValues", "path": "/home/kavia/workspace/code-generation/modern-portfolio-showcase-233776-233785/react_frontend/src/App.js", "pattern": "/^                    value={contactValues.message}$/", "language": "JavaScript", "kind": "field", "scope": "value", "scopeKind": "class"}, {"_type": "tag", "name": "contactValues", "path": "/home/kavia/workspace/code-generation/modern-portfolio-showcase-233776-233785/react_frontend/src/App.js", "pattern": "/^                    value={contactValues.name}$/", "language": "JavaScript", "kind": "field", "scope": "value", "scopeKind": "class"}, {"_type": "tag", "name": "mobileMenu ${mobileOpen ? \"is-open\" : \"\"}", "path": "/home/kavia/workspace/code-generation/modern-portfolio-showcase-233776-233785/react_frontend/src/App.js", "pattern": "/^          className={`mobileMenu ${mobileOpen ? \"is-open\" : \"\"}`}$/", "language": "JavaScript", "kind": "field", "scope": "App.className", "scopeKind": "class"}, {"_type": "tag", "name": "mobileOpen", "path": "/home/kavia/workspace/code-generation/modern-portfolio-showcase-233776-233785/react_frontend/src/App.js", "pattern": "/^            aria-expanded={mobileOpen ? \"true\" : \"false\"}$/", "language": "JavaScript", "kind": "field", "scope": "App.aria", "scopeKind": "class"}, {"_type": "tag", "name": "mobileOpen", "path": "/home/kavia/workspace/code-generation/modern-portfolio-showcase-233776-233785/react_frontend/src/App.js", "pattern": "/^            aria-label={mobileOpen ? \"Close menu\" : \"Open menu\"}$/", "language": "JavaScript", "kind": "field", "scope": "App.aria", "scopeKind": "class"}, {"_type": "tag", "name": "onContactBlur", "path": "/home/kavia/workspace/code-generation/modern-portfolio-showcase-233776-233785/react_frontend/src/App.js", "pattern": "/^                    onBlur={onContactBlur}$/", "language": "JavaScript", "kind": "field", "scope": "onBlur", "scopeKind": "class"}, {"_type": "tag", "name": "onContactChange", "path": "/home/kavia/workspace/code-generation/modern-portfolio-showcase-233776-233785/react_frontend/src/App.js", "pattern": "/^                    onChange={onContactChange}$/", "language": "JavaScript", "kind": "field", "scope": "onChange", "scopeKind": "class"}, {"_type": "tag", "name": "scrollToSection", "path": "/home/kavia/workspace/code-generation/modern-portfolio-showcase-233776-233785/react_frontend/src/App.js", "pattern": "/^function scrollToSection(sectionId) {$/", "language": "JavaScript", "kind": "function", "signature": "(sectionId)"}, {"_type": "tag", "name": "usePrefersReducedMotion", "path": "/home/kavia/workspace/code-generation/modern-portfolio-showcase-233776-233785/react_frontend/src/App.js", "pattern": "/^function usePrefersReducedMotion() {$/", "language": "JavaScript", "kind": "function", "signature": "()"}, {"_type": "tag", "name": "useRevealOnScroll", "path": "/home/kavia/workspace/code-generation/modern-portfolio-showcase-233776-233785/react_frontend/src/App.js", "pattern": "/^function useRevealOnScroll({ reducedMotion }) {$/", "language": "JavaScript", "kind": "function", "signature": "({ reducedMotion })"}, {"_type": "tag", "name": "useScrollSpy", "path": "/home/kavia/workspace/code-generation/modern-portfolio-showcase-233776-233785/react_frontend/src/App.js", "pattern": "/^function useScrollSpy(sectionIds, options = {}) {$/", "language": "JavaScript", "kind": "function", "signature": "(sectionIds, options = {})"}, {"_type": "tag", "name": "validateContact", "path": "/home/kavia/workspace/code-generation/modern-portfolio-showcase-233776-233785/react_frontend/src/App.js", "pattern": "/^function validateContact(values) {$/", "language": "JavaScript", "kind": "function", "signature": "(values)"}], "hash": "5818ac4cdd964b79079d55bc23724af4", "format-version": 4, "code-base-name": "react_frontend", "filename": "react_frontend/src/App.js", "fields": [{"name": "rows={6}", "scope": "rows", "scopeKind": "class", "description": "unavailable"}, {"name": "aria-describedby={contactErrors.email ? \"email-error\" : undefined}", "scope": "aria", "scopeKind": "class", "description": "unavailable"}, {"name": "aria-describedby={contactErrors.message ? \"message-error\" : undefined}", "scope": "aria", "scopeKind": "class", "description": "unavailable"}, {"name": "aria-describedby={contactErrors.name ? \"name-error\" : undefined}", "scope": "aria", "scopeKind": "class", "description": "unavailable"}, {"name": "contactTouched.email && contactErrors.email ? \"true\" : \"false\"", "scope": "aria", "scopeKind": "class", "description": "unavailable"}, {"name": "contactTouched.message && contactErrors.message ? \"true\" : \"false\"", "scope": "aria", "scopeKind": "class", "description": "unavailable"}, {"name": "contactTouched.name && contactErrors.name ? \"true\" : \"false\"", "scope": "aria", "scopeKind": "class", "description": "unavailable"}, {"name": "value={contactValues.email}", "scope": "value", "scopeKind": "class", "description": "unavailable"}, {"name": "value={contactValues.message}", "scope": "value", "scopeKind": "class", "description": "unavailable"}, {"name": "value={contactValues.name}", "scope": "value", "scopeKind": "class", "description": "unavailable"}, {"name": "className={`mobileMenu ${mobileOpen ? \"is-open\" : \"\"}`}", "scope": "App.className", "scopeKind": "class", "description": "unavailable"}, {"name": "aria-expanded={mobileOpen ? \"true\" : \"false\"}", "scope": "App.aria", "scopeKind": "class", "description": "unavailable"}, {"name": "aria-label={mobileOpen ? \"Close menu\" : \"Open menu\"}", "scope": "App.aria", "scopeKind": "class", "description": "unavailable"}, {"name": "onBlur={onContactBlur}", "scope": "onBlur", "scopeKind": "class", "description": "unavailable"}, {"name": "onChange={onContactChange}", "scope": "onChange", "scopeKind": "class", "description": "unavailable"}]}