{"is_source_file": false, "format": "", "description": "", "external_files": [], "external_methods": [], "published": [], "classes": [], "methods": [], "calls": [], "search-terms": [], "state": 2, "file_id": 8, "knowledge_revision": 14, "git_revision": "f9c6a1b2910c5bf51e61602c90c8b6525c544a4e", "hash": "d2b40d02d5f7873d8a6713bad837edd4", "format-version": 4, "code-base-name": "react_frontend", "filename": "react_frontend/public/index.html", "revision_history": [{"14": "f9c6a1b2910c5bf51e61602c90c8b6525c544a4e"}]}