{"is_source_file": false, "format": "", "description": "", "external_files": [], "external_methods": [], "published": [], "classes": [], "methods": [], "calls": [], "search-terms": [], "state": 2, "file_id": 3, "knowledge_revision": 28, "git_revision": "f9c6a1b2910c5bf51e61602c90c8b6525c544a4e", "hash": "bfa2ee70bab53d068bae74a80e876eca", "format-version": 4, "code-base-name": "react_frontend", "filename": "react_frontend/src/index.css", "revision_history": [{"28": "f9c6a1b2910c5bf51e61602c90c8b6525c544a4e"}]}