{"is_source_file": false, "format": "", "description": "", "external_files": [], "external_methods": [], "published": [], "classes": [], "methods": [], "calls": [], "search-terms": [], "state": 2, "file_id": 10, "knowledge_revision": 19, "git_revision": "f9c6a1b2910c5bf51e61602c90c8b6525c544a4e", "hash": "be6538e7523bc2e9da0743133d784136", "format-version": 4, "code-base-name": "react_frontend", "filename": "react_frontend/eslint.config.mjs", "revision_history": [{"19": "f9c6a1b2910c5bf51e61602c90c8b6525c544a4e"}]}