{"is_source_file": false, "format": "", "description": "", "external_files": [], "external_methods": [], "published": [], "classes": [], "methods": [], "calls": [], "search-terms": [], "state": 2, "file_id": 7, "knowledge_revision": 16, "git_revision": "f9c6a1b2910c5bf51e61602c90c8b6525c544a4e", "hash": "d9d975cebe2ec20b6c652e1e4c12ccf0", "format-version": 4, "code-base-name": "react_frontend", "filename": "react_frontend/public/manifest.json", "revision_history": [{"16": "f9c6a1b2910c5bf51e61602c90c8b6525c544a4e"}]}