{"is_source_file": false, "format": "", "description": "", "external_files": [], "external_methods": [], "published": [], "classes": [], "methods": [], "calls": [], "search-terms": [], "state": 2, "file_id": 6, "knowledge_revision": 27, "git_revision": "f9c6a1b2910c5bf51e61602c90c8b6525c544a4e", "hash": "4141d3ef11708c75e793a112abd239ac", "format-version": 4, "code-base-name": "react_frontend", "filename": "react_frontend/src/App.css", "revision_history": [{"27": "f9c6a1b2910c5bf51e61602c90c8b6525c544a4e"}]}