{"is_source_file": false, "format": "", "description": "", "external_files": [], "external_methods": [], "published": [], "classes": [], "methods": [], "calls": [], "search-terms": [], "state": 2, "file_id": 2, "knowledge_revision": 22, "git_revision": "f9c6a1b2910c5bf51e61602c90c8b6525c544a4e", "ctags": [], "hash": "1a77571e1a8cf36018a41bcedf60db75", "format-version": 4, "code-base-name": "react_frontend", "filename": "react_frontend/src/setupTests.js", "revision_history": [{"22": "f9c6a1b2910c5bf51e61602c90c8b6525c544a4e"}]}