{"is_source_file": false, "format": "", "description": "", "external_files": [], "external_methods": [], "published": [], "classes": [], "methods": [], "calls": [], "search-terms": [], "state": 2, "file_id": 11, "knowledge_revision": 21, "git_revision": "f9c6a1b2910c5bf51e61602c90c8b6525c544a4e", "hash": "ebece526bc2eadd78ddd787a76c56607", "format-version": 4, "code-base-name": "react_frontend", "filename": "react_frontend/README.md", "revision_history": [{"21": "f9c6a1b2910c5bf51e61602c90c8b6525c544a4e"}]}